TWEET,CLASS
loving my new #iphone6,1
iphone 6 + in full effect at tag all day; everyday. #maclife #apple #iphone6 #whatsupattag #likeaboss black or white? http://t.co/fhsf5floem,1
#win an #iphone6 sweepstakes http://t.co/r7mya2cexo,1
early morning i phone masters training!! #apple #iphone6,1
remote control iphone 6 http://t.co/nncexfdgf6 #ios #mobile #apple #iphone #tech #it #android #support #iphone6 #6plus #lollipop,-1
i keep dropping this big ass phone on my face n#iphone6,-1
see; its just not me that criticizes apple. even wozniak is on my side! http://t.co/jyzntst266 #apple #iphone6,-1
#stevewozniak #iphone6 - steve wozniak; better known as woz; has criticised apple for releasing the iphone http://t.co/o8udniypdw #iphone,-1
@theliberal_ie hoping my hopes will come to me; #win #iphone6 #competition,1
about to go from an ancient iphone ive have for 2 years to the iphone6,1
be sure to check out my video on how i edit #instagram photos! http://t.co/umrsdddjhd #youtuber #iphone6,1
survived a massive car crash 2 days ago; but my #iphone6 now is the newest vic of the #bendgate ... bad new after bad night ...,-1
my iphone6 has shipped! woot!,1
i wont be getting #iphone6 u?nnthe tragic poetry of a foxconn factory worker who committed suicide https://t.co/qv1urfqgem via @yahootech,-1
"currently writing to ms. badu ""didnt chu know""! #goodenergy #droidphone #iphone6 #motivated #sprited #zoned",-1
#iphone6 #galaxys5 - the iphone 6 and the samsung galaxy s5 are two of the hottest smartphones out in the http://t.co/pxmal7kodf #iphone,1
good says that #iphone6 is taking back the enterprise at the expense of #android http://t.co/4zhrlpq0iy,-1
feeling guilty if i go get the #iphone6.. you?nnwill apple give chinese iphone workers cancer? http://t.co/mq6qcmjafu via @theregister,-1
steve wozniak says the iphone6 is three years late to the market. http://t.co/xgruarwaga glad he tells us how he really feels.,-1
yaaaay finally got my #iphone6,1
new work phone dont mind if i do #apple #iphone6 #eyecandy @ at&t corporate office http://t.co/inscmrlmzl,1
uh oh look what i may have got myself today! #iphone6 #apple #upgrade #loveit #phone #treat #happy http://t.co/i0kmlzlttm,1
in related news; guess who had to run all over town to find a iphone6 in stock yesterday. #appleconspiracy http://t.co/9tbw0swqqq,1
this iphone6 plus screen big as hell,-1
rip iphone4s. just stopped working yesterday. coincidence that iphone6 just released? i think not #conspiracytheory http://t.co/yxqa5zmsbf,-1
when i come back from new york in a week im getting my iphone6,1
since iphone6 launch 1) mobile pay blocked 2) watch not interesting 3) wozniak says too late and stock soars #badapples @carlquintanilla,-1
#iphone6 #galaxys5 - the iphone 6 and the samsung galaxy s5 are two of the hottest smartphon... http://t.co/xfuxpixspp - #apple #iphone,1
#iphone5 #iphone6 - back in september 2012 when iphone 5 was released; all was not well and t... http://t.co/erezw061st - #apple #iphone,-1
the iris #onthatiphone #iphoneonly #iphone6 http://t.co/svydq755ng,1
#iphone6 giitaleah: - steve wozniak; better known as woz; has criticised apple for releasing the i.... http://t.co/1knxiesdcs iphone 6,-1
i love my iphone6 plus,1
im bout to get another number soon as i get the iphone6,1
@rimamrcllna but if the girl refused the boy; at least she appreciate the effort; dapetin 99 iphone6 gak gampang :|,-1
#apple #iphone6 is three years too late. #stevewozniak http://t.co/82e9ycrztt,-1
#iphone6 #iphone6plus - in an effort to meet demand this holiday season; apple assembly partn... http://t.co/urebwz6qje - #apple #iphone,-1
for all us new #iphone6 users; how many are still clicking the upper right corner? i know i am! #oldhabitsdiehard,-1
i think siri got worse on the new #iphone6 this phone is not worth the money,-1
its heeeere!!! #iphone6 http://t.co/zdyzimocfx,1
@coyoteze ive had my iphone6 3 weeks now and no issues. im happy with it. :p,1
wanted to share this piece of awesomenessgolden apples #iphone6 #apple #gold #diamonds #... http://t.co/g5atbxiinn http://t.co/ipw0c6rqdw,1
my parents bout me an iphone6+ im screaming and sobbing,1
really want the #iphone6,1
this is what my iphone screen looks like until my iphone6 comes in from back order... http://t.co/6koykg4i0z,1
#iphone6 #iphone6plus - blocking wirelurker; apple opens the pandoras box of security iphone... http://t.co/zhby8zopag - #apple #iphone,-1
the only thing worse than your #iphone6 bending is the fact that it comes with the new u2 http://t.co/xidxhtojdp,-1
@theliberal_ie love to win #win iphone6 #iphone6 lets be lucky :-d :-d #competition,1
still waiting for my #iphone6 ! i defently need a new one.. :(( #waitingforforever,1
battery life on iphone6 is too good,1
got the #iphone6 !! n#holla,1
im really digging my new phone right now #iphone6,1
#oomf said ever since i got da iphone6 i take hell of selfie..,1
back to the iphone. #iphone6 #getheresoon.,1
ive moved up in the world! iphone6,1
got my black #iphone6 to day its freaking awesome!!!! way better than my iphone 5 i was using.,1
purchasing iphone6 in the process http://t.co/jbq5jespzm,1
i have found god. his name is #iphone6 (insert angelic choirs),1
@shaunwright6 its like xmas in phone form. revelation from god. i see the light!!! #iphone6 #wherehaveyoubeenallmylife,1
i cant think of a better use of $7300 than a gold plated iphone6 w/ diamond encrusted apple logo. how do they anticipate my needs so well?,1
it is not a myth... iphone 6s do bend... it only took a month to find this out. #iphone6 #bendgate,-1
todays sunset taken by the iphone 6 #beautywherever #iphone6 #picoftheday #theelements http://t.co/35ht0wlbip,1
unofficial pmr result for my niece dah kuar.. my sister dah kena standby iphone6 for her. #kidsnowdays,1
well after i ordered the iphone6 plus limited 2 months ago i got it...,-1
so.... this #iphone6 is pretty damn tight. 6+ would have been way too big; this is just right.,1
i love having my new iphone. so happy it finally arrived. #iphone6,1
definitely obsessed with my new iphone6,1
@attcares how do i connect new iphone6 to phone service? was told i would get directions w the phone that took a month but none in box.,-1
hey @att; i ordered my iphone6 over a month ago. what happened to 2-3 weeks?? #shipitalready #jokeisgettingold #playingwithmyemotions,-1
why is desktop class big for #tinyplanets; cause #panorama photos are usually pretty huge. like the 42mp ones the #iphone6 produces.,1
wait my mom got a #iphone6 ?!? see ya clamshell,1
got the 6 finally #iphone6,1
thinking about upgrading my phone to the iphone6 plus hmm i might make tht happen,1
a common courtesy is to cap your iphone6 super slow-mo videos of snow falling to one a year.,1
#first #iphone6 #photo off my wifes phone http://t.co/klyuukcsre,1
after all the obstacles; it has finally arrived #iphone6 #nomore4,1
my new phone is so big. but its pretty and wonderful and i love it. #newphone #iphone6,1
im pretty happy right now; not gonna lie. #iphone6 #happy #jthilton #jthiltonmusic #apple #newphone #pink http://t.co/vogmwgs0uk,1
#iphone6 maxiscomms: at 12am 6 nov; crew delivered to happy customers across msia. watch d journey... http://t.co/7bszs8qzzl iphone 6,1
when the world is lost; you can feel at home in your head.nnnn#music #thundamentals #iphone6 http://t.co/h1apsbbsjg,1
got shrimp? my #condoseniors are impressed with #iphone6 camera! #food #foodie http://t.co/rproglqwja,1
my #iphone6 has a mind of its own. watching tv and all of the sudden its talking to me about the http://t.co/5tj30dvl0n,-1
what is up with having to reboot my iphone6 plus all the time? 5 times today. whyis trc yt? & apps freezing up?. i updated ios8 @appstore,-1
steve wozniak: the #iphone6 is three years too late http://t.co/f4rmgtyzxs,-1
dumbass iphone6 keep cutting off by itself then come back on,-1
my iphone6+ came today. almost 60 days after i ordered it. ugh. but it rocks. incredible. amazing.,1
#bendgate #iphone6 - even though apple has tried to minimize bendgate-related iphone 6 issues... http://t.co/tx1vpaq9jg - #apple #iphone,-1
i am in love w/ my phone #iphone6 #duh #iphonegangoryousuck #kbye,1
i wish android users would have told me how much nicer a big phone is; i might have switched. #toolate #sarcasm #iphone6,-1
my iphone6 is finally being develiverd thank god..,1
hello beautiful. #iphone6 http://t.co/noz1t49g6d,1
looks like christmas came early!! #gold #his - #hers #iphone6+ & #iphone6 #apple i think crazysnipe is http://t.co/ucumpab1wa,1
my baby will be in thursday; im super duper happy nn#iphone6,1
this is how we label the glassware box.n#nerd #geek #gamer #gaming #destiny #ps4 #raid #iger #iphone6 http://t.co/bkn6dg4y82,1
already on my 3rd iphone6 #thirdtimesacharm #cursed,-1
finally got a new phone. #iphone6,1
i have a registration before. thats nov 7. my concern is why i ddint receive any notif that they are going to deliver my renewal iphone6.,-1
@chigrl try iphone6,1
finally switched to the iphone6!!! amazing!!!!! #fitfluential #fftech,1
my new phone will be here tomorrow. this...is a good thing. #iphone6,1
in love with my new #iphone6!,1
i think imma get a new phone this weekend! #iphone6,1
might buy the iphone6,1
why do i have to keep restarting my phone for my apps and safari to work...? fix it @appstore @appieofflciai #iphone6 #applepay #apple,-1
my dad called to tell me he hasnt had to charge his phone in two days... he thinks hes something with his iphone6,1
fyi as predicted my toe thumb makes it difficult to text with one hand but you know what thats ok #iphone6,1
this iphone6 sucks fat dick. im about to switch to android,-1
loving my new iphone #iphone6,1
finally!!!! @raymunoz7 miguelpiedra21 #iphone6 #waitedforever #imhappynow http://t.co/dzuygbmal1,1
the iphone6 is even bigger than nick sabans head.,-1
6wks later and i finally have my #iphone6,1
butthurt that i have to wait till friday to get the iphone6 cos they dont have it in stock yet everyone else ended up getting a new phone,-1
lowkey jelly of everyone with an iphone6,1
picking up my new iphone6 (@ at&t in columbia; sc) https://t.co/odgqxfi976,1
so annoyed at #apple and #att waiting forever for my #iphone6 because this 5s is shit. less than a year old and its been full for months.,-1
sorry droid. made the switch. lets hope it lives up to its hype... #iphone6 http://t.co/7jwvv1efvw,-1
i cracked the screen on my iphone6 #fml,-1
a life in music: jimmy page | http://t.co/x0rksc7prh via @jimmypagecom only thing better than an iphone6 is this book!,1
in fact im terrified. #iphone6,1
"lol""@comedianspank: i got this nutass iphone6 plus cuz they didnt have anymore iphone6 smh this phone big as shit""",-1
finally!!! #iphone6 #gold http://t.co/hb6vcplt9v,1
my new phone is finally here!! #iphone6,1
@reneritchie i received a follow up phone call from apple after having my #iphone6 replaced at a retail store for bending.,1
#teamiphone6 #iphone6 nafter 2 years with my iphone 4; the lord has blessed me with an upgrade haha. http://t.co/vjnz31yn9t,1
i got this nutass iphone6 plus cuz they didnt have anymore iphone6 smh this phone big as shit,-1
getting that #iphone6 after school tomorrow or whatever.,1
woz tells @cnnmoney #iphone6 is 3 years too late: http://t.co/0hsrkf26nb,-1
been using this phone since 8am and im at 30% still #hellyeah #iphone6,1
it was such a good mail day today #julieannart #victoriasecret #iphone6 i am a happy girl,1
new baby #iphone6 http://t.co/z0vmkqku7k,1
new phone!!!! #sound #iphone6,1
just ordered my #iphone6 yall. in gold; naturally. my favorite accessory color. better blogging pics soon! #apple #fbloggers #fashion,1
ahhh iphone6 here i come,1
finally we meet #iphone6 #64g #love http://t.co/qtqiqri9ds,1
@sprintlatino i just bough mine on friday #iphone6 #sprintlatino #sprintiphone6 #sprint,1
#iphone6 ldolii: - blocking wirelurker; apple opens the pandoras box of security iphone; wirelurke... http://t.co/gsiejovt3b iphone 6,-1
finally i got my iphone 6 #newphone #iphone #iphone6 #finally http://t.co/gprex4ssli,1
waiting for the fed ex man! whats taking so long!!!! #iphone6,1
just started using #iphone6 for first time. battery feels like an open vein.,-1
#iphone6 baby http://t.co/lpmbep6cd0,1
ive been there since the beginning. #iphone #iphone6 #dedication http://t.co/njoc1b9dqk,1
"@iphoneteam why have ""home"" as default title for phone #s in contacts? have to change to ""mobile"" every time! get with the times #iphone6!",-1
i love the iphone6,1
im #allaboutthatbass - only the plus size would do. #iphone6plus #wholelottarosie #bighands #iphone6+ http://t.co/cc294evmto,1
@thekiko apple would have to make an exception that the iphone6+ can play ipad apps; and that still wouldnt work; most probably.,-1
lovin the new phone #iphone6,1
cant put my phone down. #iphone6,1
@jennmua i was thinking about getting one but just got the new #iphone6 and im not sure i really like #apple products,-1
when #canon #1dx has the night off; #hdr #photography #iphone6+ is fun too. @ riverview golf course http://t.co/mtlnllkib6,1
"@iphoneteam what is a ""home email""? shouldnt it be ""personal"" and ""business"" emails? #iphone6 contact settings.",-1
look what i just got in the mail only took a month to get here! #iphone6 #apple #phone http://t.co/grywre1sbs,1
yo guys i got it! #iphone6,1
@samsung note edge to release now thats the iphone6 killer plus i hear only 1m will be made so yeah that one is rare s4 is still a killer 2,1
when it comes to @samsung @apple is no competition lol idgaf how many iphone6 they sold the features r still the same but im waiting on,1
iphone 6 already driving ios enterprise share gains for apple http://t.co/2cibca1fda #apple #iphone #iphone6,1
what apple doesnt want you to know about #iphone6 http://t.co/nlgxfr1pl5 by @nickilisacole http://t.co/uqxzrqg7rd,-1
#iphone6 its here. its official here. #happy http://t.co/hsuvwonogc,1
the iphone6 is here & i love it already,1
proud new owner of one of these babies... #iphone6 http://t.co/xvngtq2rci,1
finally getting my iphone6 today !!!,1
was fighting the urge to want an iphone6 but now i want it.,1
5 worst features of #iphone6.n#tech #iphone #ios #ios8 http://t.co/17jtfbivzj http://t.co/wbrp6achoq,-1
i also love the camera on the iphone6 ! its awesome!!! n#fall #fun #mygirls #leaves http://t.co/mbcwqmii5h,1
#iphone6 pegatron reportedly eyed for iphone 6 plus production to help apple meet demand http://t.co/mojxvtyf0j,1
pretty happy i got the s5 and not the lame ass iphone6,-1
my #iphone5 is slowing headed towards its last days; @att where is my #iphone6 ? #itsbeentwoweeksalready,-1
1/5 men prefer an iphone6 over a girl rt @albdamn man buys 99 iphones to propose she says no https://t.co/fiqb3dtngd http://t.co/deeiyfddzq,1
uugh ... my #iphone6 has been shipped! anxiously waiting like a child waits for christmas morning; like ... http://t.co/ongsuf3on5,1
hello; sixy...happy birthday to me. #iphone6 http://t.co/lhvcdvzslm,1
i officially cannot type and eat a banana at the same time!! #iphone6 #smallhands,-1
yay! been waiting for this for a month! #iphone6 #spacegray #newphone #apple http://t.co/zueq57kijz,1
from @venturebeat: new devices help #ios steal enterprise share from #android--85% #iphone6; 15% #iphone6plus: http://t.co/84mi6aciom,1
whats the point with a big screen when you cant see more? my old 80x24 xterms could show 3;4 times the twitter app on iphone6.,-1
finally #iphone6 http://t.co/5juzhyojbd,1
#iphone6 iphone 6 already driving ios enterprise share gains for apple http://t.co/wsreilrnyn,1
#faultyflash #iphone6 - apparently; there are users reporting a faulty flash memory issue wi... http://t.co/dohwcx8mjb - #apple #iphone,-1
might be getting the iphone6 today #teamiphone good choice or na,1
iphone6 plus or iphone 6 hmmm,1
my baby is here!!! #iphone6,1
woot! just bought an #iphone6 now ship to me and i can see how gigantic you really are.,1
ive been up 5 hours and i still have 86% battery. #newphone #iphone6,1
pluses of the iphone6 plus -its too big to take out easily so ill use my phone less,-1
#iphone6 apple assembler pegatron reportedly ramping up iphone 6 production; adding iphone 6 plus to meet demand... http://t.co/juiulmq0jd,1
notability updated with ios 8 compatibility; iphone 6 http://t.co/dewod2vhn2 #iphone6 http://t.co/f0sx2obser,1
#iphone6 iphone 6 & 6 plus increase ios enterprise share at the expense of android http://t.co/gzn9ir6qq4 http://t.co/dayfecqxyx,1
apple iphone 6 plus review: big; bold and beautiful http://t.co/mwxvdg02dr #iphone6 http://t.co/yjr0e67cv9,1
#post - #bendgate #iphone6 - even though apple has tried to minimize bendgate-related iphone 6 issues;... http://t.co/ipq2yken77 - #blog,-1
this is the device preventing me from buying an iphone6 http://t.co/dlctfz4ibt,-1
my iphone 6 ui lockscreen #iphone6 #ios81 just amazing. http://t.co/gs1vmtixit,1
back with apple #iphone6,1
@zacdixon however; ive been forcing myself to use inbox. mailbox constantly crashes my my iphone6.,-1
i was with you for 2 years. it was fun. but now i found somebody younger. goodbye #iphone4s hello #iphone6,1
its finally here. #iphone6 http://t.co/hznakryj34,1
never thought getting an #iphone6 would be such a hassle. been waiting 2 months & still no inventory at @bestbuy. youre killing me; apple!,-1
my iphone6 is in,1
okay; does anyone elses #iphone6 screen turn sideways and not turn back unless you close the app and restart it?! #pissed,-1
it feels good to have a phone that actually works! #iphone6,1
pegatron reportedly boosting iphone 6 production; adding iphone 6 plus to meet strong demand http://t.co/b4ynp29bnl #apple #iphone6,1
iphone6 for dummies. note 4 for the more complex,-1
bendgate claims yet another #apple fans #iphone6: even though applehas tried to minimizebendgate-related http://t.co/5hukvf2w6x,-1
no question the #iphone6 is the best yet; but there are some things that #apple could learn from #blackberry. http://t.co/fi0fh86wpg,-1
everybody trading in they damn phones for the iphone6,-1
fact that the shipping on this iphone6 ; is 6-8weeks,-1
i cant wait until my new #iphone6 gets here this week! my 5 is downright beat! #deadphone #technologyandstuff,1
#faultyflash #iphone6 - apparently; there are users reporting a faulty flash memory issue within their new http://t.co/wg6jl9yzax #iphone,-1
#iphone6 vicbelen24: after holding it in my own hands; i have to confess: im in love with the . - sa... http://t.co/47qn0vhbzn iphone 6,1
after holding it in my own hands; i have to confess: im in love with the #iphone6. - samsung galaxy owner.,1
and those videos! @shubastweets: i love my iphone6,1
me too! @shubastweets: i love my iphone6,1
i love my iphone6,1
just realised i can film and edit my vlogs on my iphone 6. and its easy! editing on the go! #vloggerproblemssolved #iphone6 #youtube,1
yaay! #iphone6 #japan http://t.co/99ioiaiedg,1
tomorrow!!! #iphone6,1
by the time my back ordered iphone6 arrives; iphone7 will be out,-1
bouta go too sprint for that iphone6 fridayn#needanewfonen#txmetho,1
back to the world of apple got me an #iphone6,1
they say the #iphone6 is the best smart phone ... why does it absolutely cook when playing xcom on it. these are #iphone4 level visuals :(,-1
#iphone6 #6plus - this year; the arrival of the next iphone device was incredibly hyped; and in the ned; http://t.co/h4p2bentbv #iphone,1
#iphone6 #iphone5s - the iphone 6 is the newest handset from apple. and it does offer some pretty nic... http://t.co/62mnkkkdvs - #apple,1
#post - #faultyflash #iphone6 - apparently; there are users reporting a faulty flash memory issue wit... http://t.co/byaolpdojd - #blog,-1
#iphone6 rullymarleey: - apparently; there are users reporting a faulty flash memory issue within t... http://t.co/m5dqkwizpc iphone 6,-1
#iphone6 - the iphone 6 plus bendgate disaster was one of the biggest disappointment of the year; where http://t.co/ladnu2rjll #iphone,-1
#post - #iphone6 #iphone5s - the iphone 6 is the newest handset from apple. and it does offer some pre... http://t.co/xhyoxmmvdp - #blog,1
#iphone6 paulogomezzz: - - this year; the arrival of the next iphone device was incredibly hyped; ... http://t.co/z69yn8twza iphone 6,1
#post - #iphone6 #6plus - this year; the arrival of the next iphone device was incredibly hyped; and i... http://t.co/vue1eppxgq - #blog,1
@evans0615: *work while studying*n*earning money*n*able to buy vip tix to concerts*n*buy iphone6*n#whatiwant,1
iphone6 for christmast gift????v uh ohhhhh,1
only a few more days until i should have my new #iphone6 and cant wait! cc: @bemobileverizon,1
otw to see iphone6 pluse,1
the iphone6 doesnt even feel like the iphone 6 to me anymore,-1
need a new phone; sick of mine playing up and getting messages two days later #iphone6 ğŸ™Š,-1
hopefully getting an iphone6 today... ğŸ˜ŒğŸ™,1
i have my new iphone6 now omg so fun,1
gimme this one; iphone6+ omg!!! @sorteosenlinea,1
@rachel785: now that i have the iphone 6 it feels like im holding a miniature phone when i use other peoples 4s. #thatusetobeme #iphone6,1
they simply ignore most #brilliant #features of these #mobiles comparing to #apples #iphone. i simply disgusted on defending #iphone6.,-1
rt @kandi_dior: rt @richkid_life rt @perkyds !!!! rt @princebree_ yup rt @missestilo this iphone6 battery life is amazing!,1
rt @redboneslim__: rt @richkid_life: rt @perkyds: !!!! rt @princebree_: yup rt @missestilo: this iphone6 battery life is amazing!,1
"she will be attracted to you when you get her the new iphone6. ladies have been attracted to apple products since the days of eve""",1
got a iphone6 ğŸ˜ƒ,1
so glad to finally have a new phone ğŸ™ŒğŸ˜ #iphone6,1
momma said shes buying me the iphone6 ğŸ˜ˆ. real mvp.,1
i have joined the ranks of iphone 6 users. #noshame #iphone6,1
iphone6 battery is such a turn on.,1
finally got my iphone6! geez that took a million years!,1
yesss ! i got my #iphone6 now i just have to wait until work is over so i can go activate it.,1
bought myself an early birthday present #iphone6,1
rt @thenastypastor: yes! â€œ@princebree_: yup rt @missestilo: this iphone6 battery life is amazing!â€,1
@aguasnash01 new iphone6 wow!,1
rt @eyseeen: 11:11 iphone6 pleaseâ¤ï¸,1
11:11 iphone6 pleaseâ¤ï¸,1
rt @missestilo: this iphone6 battery life is amazing!,1
!!!! rt @princebree_: yup rt @missestilo: this iphone6 battery life is amazing!,1
@kristenduross: parents ordered that gold iphone6 for me ğŸ˜ğŸ˜ğŸ‘ŒğŸ˜ love them.spoiled,1
rt @thenastypastor: yes! â€œ@princebree_: yup rt @missestilo: this iphone6 battery life is amazing!â€,1
yes! â€œ@princebree_: yup rt @missestilo: this iphone6 battery life is amazing!â€,1
parents ordered that gold iphone6 for me ğŸ˜ğŸ˜ğŸ‘ŒğŸ˜ love them.,1
yup rt @missestilo: this iphone6 battery life is amazing!,1
this iphone6 battery life is amazing!,1
rt @fluffycheeks_: if anyone plans to get me a surprise gift; iphone6 would be nice. thanks,1
this week been on some bullshit! just cracked the screen on my phoneğŸ‘Œ hope im due for that upgrade! #iphone6,1
sooo the iphone 6 isnt as bad as i thought cut was gonna be; i kinda like to be honest with u. #stillearlytho #iphone6,1
#iphone6... this is the shit. thought it might b too big..but it fits like a glove.. im in â¤ï¸â¤ï¸â¤ï¸â¤ï¸,1
my current phone is 6.3inch while iphone6 plus is 5.5inch. so size is not a problem.,1
rt @juan_perez24: thanks to the @tmobile family for my new #iphone6! keeping me in touch with world. thanks a million!,1
on the third day of christmas i gave myself a new iphone! #iphone6 #christmas,1
rt @tgoncalves96: all i want for christmas is iphone6; dinheiro; roupa; playstation,1
i love my iphone6 plus ğŸ“±,1
â€œ@iam_skeezy: @oloksy guy iphone6 on my mind i want that gold one i wanna buy it for that galâ€be fast sha,1
i rlly want a iphone6 so badly but i know its almost impossible :(,1
if anyone plans to get me a surprise gift; iphone6 would be nice. thanks,1
if everything works out i should get a new phone today ğŸ˜ #iphone6 #iphone6plus,1
@oloksy guy iphone6 on my mind i want that gold one i wanna buy it for that gal,1
@effssinclair iphone6+ next! ğŸ˜‚,1
@attcares hey; if att really cares you guys will send me a free iphone6 or note 4 & ill switch my service asap.. xmas is around the corner,1
i hopefully will be getting my rug for my room and my #iphone6 today ! ğŸ‘,1
stop complaining my phone lag please; buy me iphone6 la,1
iphone6 autocorrect be tryna capitalize every gotdamn word bruh. like every letter all caps,-1
watch im bout to get the iphone6 just wait after my kids christmas out the way,1
my finishing work/drinking till 5th mood has been throughly dented by hearing a 9yr old on the radio wanting an iphone6 for christmas. ffs.,-1
so exited to get the iphone6 plus on christmas day! not long nowğŸ˜ƒ #iphone6plus #christmastime,1
@vodafoneukhelp used to be on o2; net is great with em. upgrading to iphone6 with you; its been at crawling speed. tenerife has 4g even!!,1
thank you 4 the special iphone6.... really2 luv you...mmmmmuuuuaaahhhhh,1
so im guessing the iphone6 is somewhat in a way waterproof bc i just dropped mine in the tub while washing my dog ğŸ˜’ but the bish is ok,1
ima get me an nesha an mell the iphone6 by feb1st ğŸ™Œ but they have to pay their bill ğŸ˜‚,1
dear santa please keep one of these under my pillow for this christmas.. note edge;iphone6+;droid turbo or m8 :d,1
rt @jpsingh037: @shaadidotcom wooooooooooooo wow wow love iphone6 #lovebhigiftsbhi,1
@shaadidotcom wooooooooooooo wow wow love iphone6 #lovebhigiftsbhi,1
@shaadidotcom on tomirrow.... iphone6...wiw.. #lovebhigiftsbhi,1
turns out the #iphone6 does bend even in a solid case,-1
@shaadidotcom ooooohhhhhhhhhh myyyyyyyyy gooooooddddd ... an iphone6 .... this is #epic #lovebhigiftsbhi,1
@shaadidotcom iphone6 i knew it #lovebhigiftsbhi,1
rt @_ogyyyyy: dear daddy;; im craving for iphone6.,1
everybody getting the iphone6 .,1
@gentechpodcast i would love an #iphone6 under my tree lol,1
do not get the iphone6 if you drive a mercedes or bmw. it does not connect with bluetooth. #applesucks,-1
hey brother @micmojo. maybe youll get an iphone6 for christmas from me. that all depends on @heathrowairport of course ;) #t2christmas,1
i think my mom is getting me an iphone6 but in all honesty i have no interest in owning one ğŸ˜‚ğŸ˜‚ğŸ˜‚ğŸ˜‚ğŸ˜‚,1
iphone6+ battery its heavenğŸ™ŒğŸ˜,1
my fitbit charge seems to register 2x the amount of steps that my iphone6 does in healthkit. convinced neither are accurate.,-1
ma really got the iphone6 plus she in the way cause i dont fuck with iphone6 lmaoo,-1
the iphone6 plus is sooo naarce! i want! *checks 2015 budget*,1
well i still dont know how to use iphone6,-1
since i got the #iphone6 i seem 2b having issues taking screen shots & end up turning off the phone instead! what am i doing wrong?,-1
iphone6 yasssssğŸ™ğŸ˜˜,1
as apple fanboy i liked #iphone6plus than #iphone6.. its first time i got hold of iphone6.. also played with #lumia535 saw some lag in,1
frustrated i cant get the bluetooth on my iphone 6 to sync with my wireless speakers and #fitbit - anyone else have these issues? #iphone6,-1
i have the iphone6 thinking about getting the plus now,1
i been thinking buying the new #iphone6. please say what you think about it.:),1
its getting easy to spot which pictures were taken with an iphone6. it has a weird watercolor effect to it from aggro noise reduction.,-1
cant get used to touch id #iphone6,-1
"co- ""@mimmy_kimmy2: co- rt @minentle_: i think i want an iphone6.""",1
#iphone6 for xmas wnt be bad not in this #mahama xmaswhere #ecg has started giving notice tht we should start ironing our #christmas clothes,1
"@generationszar ""@mimmy_kimmy2: co- rt @minentle_: i think i want an iphone6.""",1
stupidly dropped my iphone6 in the toilet last thurs. rang @o2 insure friday. they picked it up on monday & today i have a new phone. happyğŸ˜€,1
co- rt @minentle_: i think i want an iphone6.,1
rt @shielawesome: cam broke his new iphone6 while im here who cant even get an iphone5,-1
"i wish that you can get it:)believe to god n never giveup ""@huntermackenzy: @nehemiasiregar i wish someone gift me a new phone is 2 iphone6""",1
me agnes and ziying all have gold iphone6 hahahahahahaha,1
vodafone:weve sold out of iphone6 and 6+; but you can have our most popular phone the s5 for free if its most popular why not sold out?,-1
"rt @jonishasiguenza: ""the iphone6 is too big a lot of people dont like it"" well bitch; i am not a lot of people to you & your opinion couâ€¦",-1
"rt @asap_bouazeez: azin iphone6?? ""@queenlyn90: come hv it""@askarachi: ""@queenlyn90: i hate tweeting with iphone. its no funnâ€¦",-1
so one of my first christmas present already open #iphone6,1
@myfcmb on the 3rd day of christmas; my gave to me iphone6,1
â€œ@minentle_: i think i want an iphone6.â€ me too but telkom decided to cockblock ğŸ”«,1
@minentle_: i think i want an iphone6.,1
i think i want an iphone6.,1
loving my new #iphone6 #applefamforlife,1
@jbouie how do you like iphone6 so far?,-1
iphone6 soon youll be mine ğŸ“±ğŸ˜‚,1
all i want for christmas is just album; concert ticket; cute clothes; fab clothes; iphone6; and ofcourse money. thats all. yay,1
and suddenly he became an apple fan... #apple #iphone6 #black,1
rt @tgoncalves96: all i want for christmas is iphone6; dinheiro; roupa; playstation,1
rt @tgoncalves96: all i want for christmas is iphone6; dinheiro; roupa; playstation,1
all i want for christmas is iphone6; dinheiro; roupa; playstation,1
"i want a sony ""@jackdevero: sony xperia z3 or iphone6 or samsung galaxy s5?""",-1
non-kpop fans: i want iphone6! kpop fans: i just want to see my bias in personal :3,1
iphone6 by end of this month ; yea nigga,1
"rt @asap_bouazeez: azin iphone6?? ""@queenlyn90: come hv it""@askarachi: ""@queenlyn90: i hate tweeting with iphone. its no funnâ€¦",-1
hopefully i can get my iphone6 plus by friday.,1
iphone6 work phone approved #decent. glad i have the sony xperia for christmas though; awesome phone.,1
"@hp @chachigonzales the whole time im thinking about the iphone6 ""flexible""",1
@weixianglai iphone6 bro.ğŸ˜,1
rt @ashdigital_: apple should release an iphone6 compact. not everyone wants to walk around with a brick.,-1
#android still pretty much sucks with lollipop. i am using my #motox for a door stop. my #iphone6 is #righteous. #androidsucks,1
"azin iphone6?? ""@queenlyn90: come hv it""@askarachi: ""@queenlyn90: i hate tweeting with iphone. its no funnn""give me""""",-1
the fact that i have an iphone6 takes some serious getting used to ğŸ˜‚ğŸ˜,1
new iphone 6 coming today whoop whoop ğŸ˜ğŸ˜ #iphone6 #newphone,1
"4"" iphone 6 next year to replace 5c rt @ashdigital_: apple should release an iphone6 compact. not everyone wants to walk around with a brick",-1
â€œ@ashdigital_: apple should release an iphone6 compact. not everyone wants to walk around with a brick.â€,-1
got a new #iphone6 text me who r!!,1
#iphone6 im back bitches :d :d,1
apple should release an iphone6 compact. not everyone wants to walk around with a brick.,-1
cracked my iphone 6 screen and ive only had it since late september. worst thing ever! ğŸ˜­ğŸ˜­ #crackediphone6 #iphone6 #sadness #ugh!,-1
rt @eddiefisher1r: this new iphone6 is great! thanks to @tim_cook for send these out to us. now if i could remember all of my passwords htâ€¦,1
ma; iphone6 lang this christmas ha. ğŸ˜„,1
rt @jasonadriaan: i miss being able to hold a cellphone in one hand. #iphone6,1
rt @trotromate: iphone6 prices in ghc no be joke oo..,-1
team iphone6âƒ£ i love it â˜ºï¸,1
got my new phone iphone6 yay,1
im getting an iphone6 for christmas! #whatareyougettingforchristmas,1
its better than iphone6. hahahahaha,-1
@tbhbaekhyxns i will be d happiest person alive kekeke!!! @ezaty_joonmyun grandma buy me iphone6 heheh,1
the iphone6 is too big a lot of people dont like it well bitch; i am not a lot of people to you & your opinion could be shoved up ur ass,-1
so glad apple gave me a brand new phone!! hallelujah!! #apple #iphone6,1
i should stop insisting for an iphone6 and just get an iphone5s zz,-1
my hands actually ache #iphone6 #buyersremorse ..why would #apple try and ape a droids ungainly size! #foolishmistake,-1
"how did you get it? rt @facosh: ""@rafurl: like 30 million rt @trotromate: iphone6 prices in ghc no be joke oo..""i am selling one at ghÂ¢2;700",-1
and its here #gold #iphone6 #beautiful,1
"a no go lie u..herh""@trotromate: iphone6 prices in ghc no be joke oo..""",-1
"@metakay: i tell u..@trotromate: iphone6 prices in ghc no be joke oo.."""" lol",-1
rt @rafurl: like 30 millionnn rt @trotromate: iphone6 prices in ghc no be joke oo..,-1
@bb10vw there is nothing worse than working on #blackberry #passport and switch to #iphone6 to check private mails on its narrow display,-1
rt @trotromate: iphone6 prices in ghc no be joke oo..,-1
just sent normal sms using macbook. thanks a ton #apple. no need to use phone keyboard. love it #iphone6 #ios8,1
like 30 millionnn rt @trotromate: iphone6 prices in ghc no be joke oo..,-1
"i tell u..""@trotromate: iphone6 prices in ghc no be joke oo..""",-1
rt @trotromate: iphone6 prices in ghc no be joke oo..,-1
iphone6 prices in ghc no be joke oo..,-1
@andrewareoff yes; i think @aexmo has seen issues with iphone6 image quality worse than 5s // @danrubin,-1
better buy a ps4 than iphone6. decided.,-1
all i want for christmas is the gold iphone6 and some sephora gift cards,1
@dianbenyatip @kiahwee no lehh note 4 camera better than iphone6 lehhh,-1
i love iphone6 battery hahahaha,1
@nearlyoutside (i also wonder if it will support multiple ipad/iphone screens at the same time. iphone6+ & ipad combo would be great!),1
everybody will say; aww i want iphone6 so badly. but me; aww i want âˆ amount of muneyyy~,1
so happy i bought the iphone6,1
ima get me an iphone6 plus,1
i find it very distasteful that a girl asked for an iphone6 on the morning radio christmas phonein.she was about 11yrs old ffs#isitjustme?,1
missed my iphone6 so mich ğŸ˜¢ğŸ˜ğŸ˜˜ğŸ™ŒğŸ‘…ğŸ’¦,1
cam broke his new iphone6 while im here who cant even get an iphone5,-1
"good things come to those who wait. rt""@khuzwaz: i dont know if i should continue waiting for this damn iphone6 or just get something else",1
what do i want for christmas? iphone6 ;of course.,1
loving my new phone!! #iphone6 #love #merrychristmastome,1
@shaadidotcom bring iphone6 :) #lovebhigiftsbhi,1
my dad got an iphone6...mine tomorrow ;),1
"im starting to like the size of the iphone6. kind of reminds me of thee ole ""gameboy advanced ""ğŸ˜…ğŸ˜…ğŸ˜…ğŸ˜…ğŸ˜…",1
i love my new #iphone6 ğŸ’–,1
@jinxuaaaaan no i cant wait for my iphone6 lah sighhhhhhhhhh,1
typing is an absolute dream on #iphone6 ğŸ˜„ğŸ‘Œ,1
mom i want an iphone6 for my new year present,1
rt @prettychainz_: i love my #iphone6 ğŸ˜,1
i love my #iphone6 ğŸ˜,1
last few days with my #iphone5 ğŸ˜¢. soon be #iphone6 time ğŸ˜Š,1
i hate my gold iphone6 ó¾”¦ i want the black grey one ó¾®–,-1
"wrote ""iphone6 gold 128gb is waiting for u"" on my stick note during the exam; just to wake me up ergh",1
@avawilkniss i am going to bed bÃ¦ i know u r still on twitter. ily more than anything :) btw i got the iphone6 plus. night ğŸ˜‡,1
@_megan_lucas im trying to get the iphone6 hopefully soonğŸ˜†,1
i gave in and have my first iphone. so far good experience but its unique charger is just so stupid!!! #iphone6 #joinedthedarkside,-1
ayy got an iphone6 yasss,1
my phone is on the fritz!!! idk whats wrong; but #verizonwireless you are gonna need to help me ğŸ˜Ÿ #iphone6,-1
dawg this iphone6 sucks! im going back to my cracked 4... i aint have as many glitches with that as i do with the 6 and its cracked hella,-1
iphone6!!*#luckygirl#cantwait#2014,1
dreamt of having an iphone6 lol wtf,1
aba iphone6 for my birthday.,1
iphone6;getï¼ï¼,1
welcome to iphone6 ï¼,1
@techrax listen i being the #biggest #apple #fan ever :) i have not been able to own an #apple #products till now ! just gift #iphone6 to me,1
kay; i really need a job if i want this iphone6,1
pretending the signal is weak; just to show the world that they have new iphone6. #pushmoyante,1
"iphone6 ""@semzy: whats the most expensive thing youve gotten from someone? #igatclass_angeltee_solidstar #diadalunisexsaloon""",1
iphone6 #lovebhigiftsbhi @shaadidotcom,1
planning to upgrade to iphone6/plus ğŸ˜ŠğŸ’• planning!,1
whenever i check for iphone6 stocks theyre always oos within a few hours; and then when i browsed thru carousell.. now i know whyğŸ˜’ğŸ˜’,-1
iphone 6 rumors! this thing is going to be an insane machine!,1
23 days;im waiting you;my iphone6....,1
8:15pm and still 70% #iphone6,1
can we actually use a phone as a phone again ? just for calls ? #justasking #kuwait #iphone6 #apps #stressfree,-1
soo happy with my iphone6 #itwastimeforaupgrade #earlychristmasgift #yay,1
rt @xephemeralstar: there would be no hesitation if iphone6 looks like iphone5,-1
happy with my new toy :) #iphone6 #apple,1
i love how old people get so fascinated when i use my apple pay #apple #iphone #iphone6 #oldpeople,1
merry christmas to me. #iphone6 ğŸ˜,1
had the worse dream; some kid smashed my iphone. #horrific #iphone6,-1
my battery last about two days i swear #iphone6 ğŸ™Œ,1
all i wanted for christmas was the iphone6 but my parents dont wanna get me it now bc of 1 bad grade :(,1
"lwkmd rt @siranselm: iphone6 is out alert ""@olakib65: my iphone screen been blurry since yesterday...what could be the cause? anyone??""",-1
"iphone6 is out alert ""@olakib65: my iphone screen been blurry since yesterday...what could be the cause? anyone??""",-1
loving my new phone ğŸ˜ #iphone6,1
the battery life on iphone6 is the real mvp ğŸ˜´ğŸ˜´ğŸ‘Œ,1
when its been so long since youve had wifi; you tend to freak out when you have a new one ğŸ˜† #iphone6 #wifi #loveit #datafordayz,1
try to set up my new #iphone6 is almost impossible,-1
this iphone6 got twitter looking like a movie on a flat screen ğŸ˜‚,1
124g iphone6ğŸ’• i love my mama!!,1
there would be no hesitation if iphone6 looks like iphone5,-1
i been on my phone 3 hours straight lmao im addicted to my iphone6 lmao * shrugs * true iphone lover lol,1
so im gonna be phone less for like a day bc i have to be surprised on christmas when i get the iphone6 ğŸ˜‚ğŸ˜‚ğŸ˜‚,1
@mattddrchs today is day1 with my #iphone6 impressed with the battery life so far. #stillbuyingabatterycase,1
"i be mad af at the people with iphone6 .. i be like "" i dont really like the iphone 6 anyways "" ğŸ˜­ğŸ˜­ğŸ˜‚ğŸ˜‚",-1
iphone 4s to 5s was a big jump in speed but 5s to 6 is a huge leap in speed and performance #iphone6 #mindblown,1
wishing my best january #birthday #holiday #gift #iphone6 ;),1
really digging the iphone6. not a big fan of big phones but this one isnt too bad,1
when i first got my iphone5c; i thought my camera could get no better. well; the new iphone6 camera makes my camera look poo.ğŸ˜’,1
loving this new iphone6 !! ğŸ‘ğŸ‘ğŸ‘ğŸ‘ğŸ‘,1
jacky is the best sister in lawğŸ˜­ she is talking my mom into getting me the iphone6ğŸ˜,1
do you want an iphone6 for christmas? hahaha no thx,-1
im really debating on getting the iphone6...i want it.,1
all i want for christmas is an iphone6.,1
rt @abg_jebat: i want an iphone6 . my phone keeps hanging. i hate this phone.,1
im so happy because i finally got a new phone #iphone6 (-:,1
cant believe im already on my 3rd iphone6,-1
i want an iphone6 . my phone keeps hanging. i hate this phone.,1
just got my new iphone6 thoughâœŠ,1
iphone6 + is so fucking huge,-1
okay the iphone6 has so many glitches like i love it but,-1
mom got me the iphone6 but i have to wait for xmasğŸ˜‘ğŸ˜ŠğŸ˜Š so happy but like grrr,1
rt @danish_za: i want a suprise iphone6 for my birthday,1
i want a suprise iphone6 for my birthday,1
if apple tech support cannot get their most expensive iphone working; then what good are they? #apple iphone6+,-1
new ğŸ“±today. #iphone6,1
rt @prince_gumaa: damn the iphone6 is fastğŸ‘Œ,1
damn the iphone6 is fastğŸ‘Œ,1
@tmobile give me my iphone5 backkkkkk this is toooo biggggggggggggg! my thumbs hurt #iphone6 #firstworldproblems,-1
omgggg my hands are too small to text on the #iphone6 comfortably #firstworldproblems,-1
my dream come true its iphone6,1
i want the iphone6 soooo badğŸ˜”ğŸ˜© i got to wait next month ğŸ˜”,1
i love my #iphone6 ğŸ˜Œ 2 weeks and it has not fell ğŸ‘Œ,1
rt @djnickdean: an iphone6 is basically the price of a macbook pro now not sure i fully understand that logic,-1
@tooraadforya_45 ill get silver iphone6 @tooraadforya_45,1
my phone stay glitching now; but i dont want the iphone6 just yet,-1
got the iphone; loving it and can fit in my hands! #iphone6,1
how has #apple planned to fix group tests/imessages? im unable to send anything on group threads #iphone6 #iphone #ios any fix available?,-1
did my mom really just get the iphone6 ?!,1
love how long the battery lasts on my iphone6ğŸ™Œ,1
official iphone6 lover â™¥ï¸,1
i need the iphone6 foreaal just for the 128gb.. since i never have room in my phone. literally have to delete stuff just to take a picğŸ˜‘,1
what a relief... #iphone6 #appleuseragain,1
never seen my mom so juiced for the iphone6 plus.,1
sometimes you just have to spoil yourself. #iphone6 #bestmedicine,1
#galaxynote4 @idigestindia my most loved feature is its adaptive fast charging & mammoth battery! iphone6 users; eat your heart out :p lol,1
i need bigger phone i mean iphone6 plus urghh,1
got my new iphone6 ğŸ˜,1
got the #iphone6 despite @tmobiles best efforts to deny me. the @apple store had no problem accommodating me. phones unlocked; too...,1
im super happy with my new lg volt! its no iphone6; but it has a lot of great features & it will do the job.,-1
just came home to my iphone6 ğŸ˜Š so nice to have a good working phone ğŸ‘,1
broke my phone for the 2nd time in 3 weeks.. ugh ğŸ˜¡ğŸ˜¡ğŸ˜¡ğŸ˜¡ğŸ˜¡ this time just bought an iphone6,-1
wow im getting tired of this shit. im just gonna tell my grandma to get an iphone6 tomorrow since my mom hasnt given me shit,1
an iphone6 is basically the price of a macbook pro now not sure i fully understand that logic,-1
does anybody elses volume change randomly when listening to music on the #iphone6? #apple,-1
gotta bring up all my grades then i get iphone6+ ğŸ˜«ğŸ˜,1
omg charging with iphone6+ cable freaking fast lol and its not even with the charger head its just the cable wtf,1
@thediscomania srry if the quality isnt too good it was taken with a iphone6 camera,-1
dear iphone6; im so sorry; we cant be together because your price.,-1
iphone6â˜ºï¸,1
whats the thing called when you swipe down on your phone and notifications come up? my phone stopped doing that unless its locked #iphone6,-1
dear iphone6; im so sorry; we cant be together because your price,-1
just want my iphone6 man,1
all my fam surprised me for dinner and parents got me and iphone6. and all my friends are amazing. feelin so lovedğŸ’•ğŸ’•ğŸ˜,1
i want the iphone6 now.. ğŸ˜• my dumb self shouldve gotten it two months ago when they asked me.,1
sleep with 100% charge and wake up with 99% charge after 10 hours with wi fi switched on! #iphone6 #apple,1
is there a problem with my iphone6 or this @lifeproof is making it difficult for my voice to be heard on the other line????,-1
rt @dreamcoutvre: everything looks so much better on my iphone6 ğŸ˜©ğŸ˜,1
i love my new phone ! we both got new phones today #iphone6 #galaxy5 the little things,1
i love my phone!!! ğŸ˜ğŸ˜ğŸ˜ğŸ“±ğŸ“±#iphone6,1
currently ordering my iphone6. ğŸ’,1
waiting for my customized iphone6 to come in ğŸ˜œ,1
getting my number changed; when i get this iphone6 ğŸ˜,1
rt @dreamcoutvre: everything looks so much better on my iphone6 ğŸ˜©ğŸ˜,1
the iphone6 is a piece of shit,-1
fuck dat iphone6 they be tracking niggas,-1
i dont want my phone doing the bend and snap then break my nose;;; #applefail #iphone6,-1
my grandma just told me shes buying me the iphone6 plusğŸ˜­ğŸ˜«ğŸ™Œ,1
got me an iphone 6 today. oh yeah...#styling #iphone6 #target #deals #loveit,1
my mom bought my dad an iphone6 when he barley knew how to use his old tracphone. this should be interestingğŸ˜…ğŸ˜’ğŸ˜‚,1
iphone6 is heaven #woah,1
#iphone6 does anyone elses suddenly go dim; brighter; dim; brighter? set to full brightness too. yet this happens intermittently. annoying.,-1
the iphone6 is too damn big. not being able to text holding the phone with one hand annoys my life. #1stworldproblems,-1
adjusting to the iphone6 is annoying me.,-1
so i cracked my phones screen. #iphone6 #brokenscreen #sad #apple,-1
@getrhinoshield any idea when will you ship the order #101617958.today broke my iphone6 as dont have any protector and still waiting,-1
like you got a iphone6 and a black in your mouth.. dont tell me you dont got money for some headphones.,1
i was due for an upgrade 2 months ago... why have i not gotten the iphone6?? ğŸ˜«,-1
im team iphone6âƒ£ now ğŸ˜Š,1
